Country Name,Country Code,Indicator Name,1990,1991,1992,1993,1994,1995,1996,1997,1998,1999,2000,2001,2002,2003,2004,2005,2006,2007,2008,2009,2010,2011,2012,2013,2014,2015,2016,2017,2018
Aruba,ABW,"Access to electricity, urban (% of urban population)",,,,,,,,,,,99.97255707,99.92724609,99.8655777,99.81235504,99.77693176,99.76464844,99.7731781,99.79829407,99.83575439,99.88132477,99.92906952,99.96772003,99.99063873,99.99874115,100,100,100,100,100
Afghanistan,AFG,"Access to electricity, urban (% of urban population)",,,,,,,,,,,,,,,,74,80.36418152,82.10588074,89.9,85.6220932,82.8,86.56777915,95,92.67376709,98.7,92.5,99.5,99.5,100
Angola,AGO,"Access to electricity, urban (% of urban population)",,,,,,,,,,,,30,45.22454071,46.92584991,48.64495468,50.38719559,52.15025711,66.1,55.72189331,57.52199173,82.03485107,82.5,72.78063965,67.77249146,51,64,70.09811401,71.88645935,73.67466736
Albania,ALB,"Access to electricity, urban (% of urban population)",,,,,,,,,,,,,,,,,,,,,,,99.9,99.99867249,100,100,100,100,100
Andorra,AND,"Access to electricity, urban (% of urban population)",99.89868927,99.94800568,99.98246765,99.99720001,100,100,100,100,99.99960327,99.99386597,99.97096252,99.92546082,99.8642807,99.81176758,99.7770462,99.76545715,99.77469635,99.80051422,99.83867645,99.88494873,99.9330368,99.97090912,99.99215698,99.99905396,100,100,100,100,100
Arab World,ARB,"Access to electricity, urban (% of urban population)",,,,,,,,,,,,94.57442877,93.02283406,93.32198642,93.60128919,93.55632056,95.14170719,94.93974332,95.71297155,95.06543754,96.29086552,96.46641799,96.43595662,96.77285301,96.46670546,96.93631861,97.29008281,97.46791485,97.0639593
United Arab Emirates,ARE,"Access to electricity, urban (% of urban population)",99.90260315,99.95056915,99.98358917,99.99742126,100,100,100,100,99.99958801,99.99378204,99.97067261,99.92485046,99.86327362,99.81034851,99.77521515,99.76322174,99.77204895,99.79745483,99.83520508,99.881073,99.92906952,99.96783447,99.99072266,99.99876404,100,100,100,100,100
Argentina,ARG,"Access to electricity, urban (% of urban population)",,,,,,,,,,,,95.97598267,96.16978455,96.37410736,96.59622955,96.84148407,97.1075592,97.39022064,97.68522644,97.98834229,99.68868256,99.90717316,99.96717834,99.98265076,99.85762024,99.98408508,99.98361206,99.98709106,100
Armenia,ARM,"Access to electricity, urban (% of urban population)",,,,,,,,,,,99.1,99.18615723,99.18962097,99.20362091,99.23540497,99.9,99.36607361,99.45840454,99.5630722,99.67585754,99.7,99.89367676,99.9727478,99.99726105,100,100,100,100,100
American Samoa,ASM,"Access to electricity, urban (% of urban population)",,,,,,,,,,,,,,,,,,,,,,,,,,,,,
Antigua and Barbuda,ATG,"Access to electricity, urban (% of urban population)",,,,,,,,,,,,,,,,99.83740997,99.83571625,99.8506012,99.87783813,99.91511536,99.95061493,99.97938538,99.9948349,99.99945068,100,100,100,100,100
Australia,AUS,"Access to electricity, urban (% of urban population)",99.9171524,99.96009827,99.98775482,99.99822998,100,100,100,100,99.99954224,99.99346924,99.96961975,99.92256927,99.85951996,99.80506897,99.76841736,99.75489807,99.7621994,99.78607941,99.8223114,99.86664581,99.91430664,99.95639038,99.98535156,99.99766541,100,100,100,100,100
Austria,AUT,"Access to electricity, urban (% of urban population)",99.89868927,99.94800568,99.98246765,99.99720001,100,100,100,100,99.99960327,99.99386597,99.97096252,99.92546082,99.8642807,99.81176758,99.7770462,99.76545715,99.77469635,99.80051422,99.83867645,99.88494873,99.9330368,99.97090912,99.99215698,99.99905396,100,100,100,100,100
Azerbaijan,AZE,"Access to electricity, urban (% of urban population)",,,,,,,,,,99.43148804,99.70492771,99.44373322,99.4511261,99.46904755,99.50476074,99.56360626,99.8,99.73953247,99.84812927,99.93257141,99.98171997,99.9,100,100,100,100,100,100,100
Burundi,BDI,"Access to electricity, urban (% of urban population)",,,,,,,,,60.6,50.26504135,50.42281342,50.57659531,50.73363876,50.90121078,51.08657837,45.04950495,51.52441025,51.77031708,39.6,52.2949295,49,52.83503723,58.5,52.4,52.1,57.38437271,58.9759407,61.8,61.66929626
Belgium,BEL,"Access to electricity, urban (% of urban population)",99.89868927,99.94800568,99.98246765,99.99720001,100,100,100,100,99.99960327,99.99386597,99.97096252,99.92546082,99.8642807,99.81176758,99.7770462,99.76545715,99.77469635,99.80051422,99.83867645,99.88494873,99.9330368,99.97090912,99.99215698,99.99905396,100,100,100,100,100
Benin,BEN,"Access to electricity, urban (% of urban population)",,,,,,,34.4,44.05916214,45.1307869,46.18388748,47.2257309,49.6,49.3046875,50.35632706,51.42575836,52.51833344,56.6,54.76169586,55.90401459,57.05444336,65.4,67,68.6,61.96294403,55.8,63.94343567,65.08287811,54.2,67.36009216
Burkina Faso,BFA,"Access to electricity, urban (% of urban population)",,,,29.4,34.15727997,35.37156677,36.56866455,37.74427414,38.89602661,39.7,41.15122223,42.26919174,43.39043045,52.4,45.67175674,46.84445572,48.0379715,49.24807358,50.47052002,51.70107269,48.5,54.16956711,55.3998642,56.62632751,58.4,59.07082367,60.2903862,61.79139709,62.3
Bangladesh,BGD,"Access to electricity, urban (% of urban population)",,58.06059522,67.68811798,68.84832764,75.2,71.13865662,72.26018524,79.5,74.436409,75.49406433,81.2,77.58287048,78.62853241,79.68473053,76.6,82.61,77.79913503,82.1,85.25520325,86.41018677,90.1,90.2,90.61857605,88,90.7,93.75209808,94.01,99.5,97.08498383
Bulgaria,BGR,"Access to electricity, urban (% of urban population)",99.89868927,99.94800568,99.98246765,99.99720001,100,100,100,100,99.99960327,99.99386597,99.97096252,99.92546082,99.8642807,99.81176758,99.7770462,99.76545715,99.77469635,99.80051422,99.83867645,99.88494873,99.9330368,99.97090912,99.99215698,99.99905396,100,100,100,100,100
Bahrain,BHR,"Access to electricity, urban (% of urban population)",100,100,100,100,100,100,100,100,100,100,100,99.99668884,99.98027039,99.94600677,99.89633179,99.8687973,99.86209106,99.8719635,99.8941803,99.92644501,99.95716858,99.98216248,99.99555969,99.99953461,100,100,100,100,100
"Bahamas, The",BHS,"Access to electricity, urban (% of urban population)",99.686203,99.74806213,99.80921173,99.86605835,99.90765381,99.93618774,99.94454956,99.94158936,99.92471313,99.89165497,99.83469391,99.77373505,99.71604919,99.66888428,99.63951874,99.63328552,99.64788055,99.67905426,99.72257233,99.77419281,99.82969666,99.93052673,99.96828461,99.97772217,99.99194336,99.99898529,100,100,100
Bosnia and Herzegovina,BIH,"Access to electricity, urban (% of urban population)",,,,,,,,,,,,99.88645935,99.3,99.77014923,99.73504639,99.72309113,99.7146933,99.75739288,99.79518127,99.84107971,99.89084625,99.76392823,99.9729538,99.99273682,99.99911499,100,100,100,100
Belarus,BLR,"Access to electricity, urban (% of urban population)",99.89868927,99.94800568,99.98246765,99.99720001,100,100,100,100,99.99960327,99.99386597,99.97096252,99.92546082,99.8642807,99.81176758,99.7770462,99.76545715,99.77469635,99.80051422,99.83867645,99.88494873,99.9330368,99.97090912,99.99215698,99.99905396,100,100,100,100,100
Belize,BLZ,"Access to electricity, urban (% of urban population)",,94,94.38336182,94.57462311,94.7572937,94.92707062,95.07965851,95.21075439,95.31799316,95.40670776,95,95.55762482,95.63434601,95.72160339,95.82665253,95.95483398,98.0671414,96.26943207,96.44736481,96.63340759,96.99964251,96.31336406,97.1986618,97.3806076,97.55949402,96.9,97.91113281,98.0854187,98.25957489
Bermuda,BMU,"Access to electricity, urban (% of urban population)",99.89868927,99.94800568,99.98246765,99.99720001,100,100,100,100,99.99960327,99.99386597,99.97096252,99.92546082,99.8642807,99.81176758,99.7770462,99.76545715,99.77469635,99.80051422,99.83867645,99.88494873,99.9330368,99.97090912,99.99215698,99.99905396,100,100,100,100,100
Bolivia,BOL,"Access to electricity, urban (% of urban population)",,,,,93,94.3939209,96.7,95.815075,96.1,97.837216,95.81211,94.211133,88.579206,94,96.1145401,89.920884,95.170734,98.195281,99.227943,98.874112,98.78421021,99.079263,99.232931,99.520076,99.310844,99.46435,99.5,99.4,99.82462311
Brazil,BRA,"Access to electricity, urban (% of urban population)",97.538681,91.14651489,97.523788,98.033975,94.2216568,98.589696,98.915038,99.056926,99.137016,99.186252,99.62941742,99.215119,99.426994,99.504184,99.585301,99.634816,99.708742,99.781449,99.821747,99.85168,100,99.898571,99.927418,99.935013,99.945554,99.956197,99.9,100,100
Barbados,BRB,"Access to electricity, urban (% of urban population)",100,100,100,100,100,100,100,100,100,100,99.9958725,99.97550964,99.93253326,99.87213898,99.82807159,99.80714417,99.80703735,99.82351685,99.85233307,99.88926697,99.92948914,99.96453857,99.98825836,99.99815369,100,100,100,100,100
Brunei Darussalam,BRN,"Access to electricity, urban (% of urban population)",99.89776611,99.94740295,99.98220825,99.99714661,100,100,100,100,99.99960327,99.99388885,99.97103119,99.92560577,99.86452484,99.81210327,99.77748108,99.76599121,99.77532196,99.80123901,99.83950043,99.88587189,99.93397522,99.97164154,99.99250793,99.99912262,100,100,100,100,100
Bhutan,BTN,"Access to electricity, urban (% of urban population)",,,,,,,,,,,96.74,97.0557785,97.16709137,97.4,97.42855835,96.77638276,97.7749176,98.73,98.18761444,98.40824127,99.30555556,99.50563049,99.6,99.36126709,99.50725555,99.71842194,99.8718338,99.1,100
Botswana,BWA,"Access to electricity, urban (% of urban population)",,17.5,19.82499504,22.22455788,24.61552429,26.99359894,29.35448265,31.69387817,34.00941467,36.306427,38.59217834,37,43.15895844,45.45451355,47.7678566,50.1043396,52.46164322,54.83552933,57.1,59.61610031,68.30930328,69.13,69.7911377,70.15101624,71.5836792,73.96855927,76.35191345,78.73449707,81.11695099
Central African Republic,CAF,"Access to electricity, urban (% of urban population)",,,,,,8,9.144975662,10.44786072,11.7268877,12.98739147,15.6,15.48188305,16.73039627,17.98943901,19.26627541,20.56624794,20.26367188,23.22441673,24.57413864,25.9319706,24.9,29.38422394,33.22380447,36.77745056,40.32734299,44.13505936,48.00186539,51.68745804,55.24568558
Canada,CAN,"Access to electricity, urban (% of urban population)",99.89868927,99.94800568,99.98246765,99.99720001,100,100,100,100,99.99960327,99.99386597,99.97096252,99.92546082,99.8642807,99.81176758,99.7770462,99.76545715,99.77469635,99.80051422,99.83867645,99.88494873,99.9330368,99.97090912,99.99215698,99.99905396,100,100,100,100,100
Central Europe and the Baltics,CEB,"Access to electricity, urban (% of urban population)",97.02080321,97.15613242,97.26387154,97.35563807,97.43958043,97.51925638,97.59620437,97.67018192,97.74002569,97.80263075,97.84394075,97.86526099,97.87191663,97.89070499,97.92589119,97.98121814,98.05467615,98.13779084,98.23015497,98.33760568,99.90902355,99.96243217,99.98725562,99.99602571,99.98399117,99.99758418,99.91439953,99.99621297,99.9942978
Switzerland,CHE,"Access to electricity, urban (% of urban population)",99.89868927,99.94800568,99.98246765,99.99720001,100,100,100,100,99.99960327,99.99386597,99.97096252,99.92546082,99.8642807,99.81176758,99.7770462,99.76545715,99.77469635,99.80051422,99.83867645,99.88494873,99.9330368,99.97090912,99.99215698,99.99905396,100,100,100,100,100
Channel Islands,CHI,"Access to electricity, urban (% of urban population)",,,,,,,,,,,,,,,,,,,,,,,,,,,,,
Chile,CHL,"Access to electricity, urban (% of urban population)",98.846714,99.18708801,99.107534,99.35232544,99.42420197,99.48319244,99.441775,99.54528809,99.667146,99.51965332,99.782113,99.44898224,99.41491699,99.707507,99.38563538,99.40302277,99.814949,99.49603271,99.56317139,99.869036,99.71754456,99.856911,99.87129974,99.8,99.97756958,99.876858,100,100,100
China,CHN,"Access to electricity, urban (% of urban population)",,,,,,,,,,,100,99.61875153,99.63277435,99.65732574,99.69966888,99.76515198,99.85145569,99.93106079,99.97930145,99.99714661,100,100,100,100,100,100,100,100,100
Cote d'Ivoire,CIV,"Access to electricity, urban (% of urban population)",72.25034489,73.0254418,73.80289524,74.58102,69.53445235,76.13089239,76.89700985,77.65664926,78.40617439,82.42631802,79.29711059,79.67364496,83.92139052,80.42718568,80.80929502,83.75890511,81.59812396,81.89635353,82.21092779,82.54654126,82.9101921,83.30106996,80.49785935,84.16801455,83.9561824,86.5,92,100,100
Cameroon,CMR,"Access to electricity, urban (% of urban population)",,63,69.79663086,70.74377441,71.68231964,72.60797882,73.51644135,74.40341949,79,76.11113739,79,83.95034,78.60641479,79.44955444,77.1,81.19454193,73,90.4,83.95471191,84.89663696,87.4571991,87.5,88.27757263,88.6673584,89.2,90.53459167,91.46552277,92.39569092,93.32572937
"Congo, Dem. Rep.",COD,"Access to electricity, urban (% of urban population)",,,,,,,,,,,20,23.8882885,25.38327789,26.88879776,28.41210938,30,31.52582932,36.6,34.70587921,36.31018829,37.91836929,39.52618408,40.8,42.73045349,42,45.92245102,47.51576996,49.10831833,50.70074081
"Congo, Rep.",COG,"Access to electricity, urban (% of urban population)",,,,,,,,,,,,,,,,50.8,51.54876709,53.6573143,55.77820969,53.6,60.04008865,62.17259979,58.9,66.4262619,71.3655777,79.5,82.10451508,87.3223114,92.41274261
Colombia,COL,"Access to electricity, urban (% of urban population)",97.9,98.540802,98.6509552,98.75681305,98.85407257,99.2,99.00562286,99.05130768,99.07313538,99.07644653,99.4,99.05654144,99.04785919,99.04970551,99.06934357,99.3,99.17572021,99.25589752,99.713281,99.607048,99.771476,99.788503,99.726102,99.820229,99.838367,99.809718,99.8,99.9,100
Comoros,COM,"Access to electricity, urban (% of urban population)",,,,,,,51.8,59.78164291,61.37452698,62.94888687,64.51198578,66.0710907,74.6,69.20635986,70.79705048,72.41088104,74.04553223,75.69676208,77.36034393,79.0320282,85.72065735,85.40898132,85.1,85.72181702,87.38634491,89.04857635,90.70927429,92.36920166,94.02900696
Cabo Verde,CPV,"Access to electricity, urban (% of urban population)",,,,,,,,,,,,,81.27494,83.78479767,84.25887299,85,85.2741394,85.8087616,86.35572815,86.91080475,90.62070385,89.60968781,88.62076569,89.13414764,89.68206787,90.22769165,90.77177429,91.31509399,91.858284
Costa Rica,CRI,"Access to electricity, urban (% of urban population)",,,,,,,,,,,,99.874108,99.863464,99.882549,99.847066,99.894615,99.930421,99.917154,99.924095,99.929925,99.746437,99.964484,99.98337,99.939949,99.704804,99.929925,99.8,99.8,100
Caribbean small states,CSS,"Access to electricity, urban (% of urban population)",,,,,,,,,,91.67867799,94.48158028,95.29184518,95.25077509,95.12506135,95.35124322,95.24147411,95.43219487,96.19626841,98.46536603,96.94996608,97.07299546,97.60041424,97.95269187,97.71160763,97.8221198,98.43214635,99.25183824,99.45376799,99.58431426
Cuba,CUB,"Access to electricity, urban (% of urban population)",,,,,,,,,,,100,99.28728485,99.2648468,99.25293732,99.25881958,99.2878418,99.33768463,99.40410614,99.48287201,99.56975555,99.6605072,99.75089264,99.83751678,99.91391754,99.9699173,99.99501801,100,100,100
Curacao,CUW,"Access to electricity, urban (% of urban population)",100,100,100,100,100,100,100,100,100,100,100,100,100,100,100,100,100,100,100,100,100,100,100,100,100,100,100,100,100
Cayman Islands,CYM,"Access to electricity, urban (% of urban population)",99.87825012,99.93227386,99.97337341,99.99403381,99.99951172,100,100,100,99.99884796,99.99015808,99.96299744,99.91506195,99.85391235,99.80223846,99.76835632,99.75761414,99.76768494,99.79434204,99.83335114,99.88046265,99.92951202,99.96866608,99.9912262,99.99887848,100,100,100,100,100
Cyprus,CYP,"Access to electricity, urban (% of urban population)",99.89868927,99.94800568,99.98246765,99.99720001,100,100,100,100,99.99960327,99.99386597,99.97096252,99.92546082,99.8642807,99.81176758,99.7770462,99.76545715,99.77469635,99.80051422,99.83867645,99.88494873,99.9330368,99.97090912,99.99215698,99.99905396,100,100,100,100,100
Czech Republic,CZE,"Access to electricity, urban (% of urban population)",75.10271454,75.77393341,76.44443512,77.11063385,77.76824188,78.41295624,79.04048157,79.64652252,80.22869873,80.79235077,81.34474945,81.8931427,82.44480896,83.00700378,83.58699036,84.19011688,84.8140564,85.45458221,86.10746002,86.76844025,99.75588226,99.92871857,99.96974182,99.97999573,99.8675766,99.97999573,99.97779083,99.96897125,99.95353699
Germany,DEU,"Access to electricity, urban (% of urban population)",99.89868927,99.94800568,99.98246765,99.99720001,100,100,100,100,99.99960327,99.99386597,99.97096252,99.92546082,99.8642807,99.81176758,99.7770462,99.76545715,99.77469635,99.80051422,99.83867645,99.88494873,99.9330368,99.97090912,99.99215698,99.99905396,100,100,100,100,100
Djibouti,DJI,"Access to electricity, urban (% of urban population)",,,,,,,53.81001663,54.54051971,55.24716187,55.93528366,56.61214447,57.28500748,56.9,58.64779663,59.35224533,60.0798378,62.4,61.59323883,62.37057495,63.15602493,63.94534302,64.73429871,64.24208069,66.30084991,67.07913971,67.85512543,68.7865448,69.96,70.84239197
Dominica,DMA,"Access to electricity, urban (% of urban population)",,,,,,,,,,,,,,,,,,,,,,,,,,,,,
Denmark,DNK,"Access to electricity, urban (% of urban population)",99.89868927,99.94800568,99.98246765,99.99720001,100,100,100,100,99.99960327,99.99386597,99.97096252,99.92546082,99.8642807,99.81176758,99.7770462,99.76545715,99.77469635,99.80051422,99.83867645,99.88494873,99.9330368,99.97090912,99.99215698,99.99905396,100,100,100,100,100
Dominican Republic,DOM,"Access to electricity, urban (% of urban population)",,96.5,95.31705475,95.55960846,95.79357147,96.01464081,96.21851349,96.40090942,96.55943298,98.9,96.572861,96.949494,96.674673,95.037767,95.524705,95.184958,94.389301,99.606906,99.572317,99.732814,99.767161,99.719573,99.651703,99.88359,99.859908,99.827251,99.9,99.99059296,100
Algeria,DZA,"Access to electricity, urban (% of urban population)",,,,,,,,,,,,,,,,,,,100,99.4009552,99.57138824,99.74144745,99.25673759,99.96077728,99.99423218,100,100,100,100
East Asia & Pacific (excluding high income),EAP,"Access to electricity, urban (% of urban population)",,,,,,,,,,,98.49713987,98.28542311,98.09865828,98.53742427,98.33042122,98.46473918,98.6407,98.91722499,99.02199137,97.99774116,98.17055424,98.29590131,98.3546357,98.45673842,98.53145086,98.67956632,98.78789582,98.83893852,98.92412778
Early-demographic dividend,EAR,"Access to electricity, urban (% of urban population)",,,,87.89963894,90.1109082,90.2054386,90.4053034,91.34192307,91.19084167,92.55652168,92.25818404,91.7072336,92.52930651,92.97521495,92.96281749,93.42927603,94.15528704,94.16157399,94.72558104,96.0823202,95.92902904,95.80117035,96.84744228,96.81780158,97.23655773,97.60846826,98.05799493,98.74469354,98.79335088
East Asia & Pacific,EAS,"Access to electricity, urban (% of urban population)",,,,,,,,,,,98.81109841,98.62897661,98.45699051,98.79173685,98.61387443,98.71497103,98.85505384,99.08125706,99.17115525,98.32582588,98.47161115,98.5763407,98.62333959,98.70478721,98.76306155,98.88384945,98.97186194,99.01178246,99.08142168
Europe & Central Asia (excluding high income),ECA,"Access to electricity, urban (% of urban population)",,,,,,,,,,,,,99.74485607,99.67776097,,99.6709069,99.63227233,99.67458551,99.68375485,99.72415732,99.80313506,99.8754157,99.90440222,99.85693434,99.86050966,97.98016599,99.87423153,99.87669999,99.88062936
Europe & Central Asia,ECS,"Access to electricity, urban (% of urban population)",99.49717126,99.54912301,99.5886093,99.61300638,99.6284484,99.6465184,99.66111202,99.66892248,99.67960339,99.67597583,99.66171779,99.62133119,99.57384776,99.52786844,99.50125938,99.52353902,99.52550681,99.56535888,99.60144223,99.65393948,99.87908081,99.93206829,99.95656801,99.94181091,99.94241249,99.18738548,99.94092083,99.9498395,99.95115937
Ecuador,ECU,"Access to electricity, urban (% of urban population)",,,,,,97.908304,99.04218292,99.08478546,99.626074,99.289697,99.09270477,99.07766724,99.06589508,99.291127,99.08119965,99.668752,99.525886,99.633543,99.586687,98.984382,99.715049,99.783081,99.628858,99.547373,99.83164,99.869408,99.8,100,100
"Egypt, Arab Rep.",EGY,"Access to electricity, urban (% of urban population)",,,98.4,99.090271,99.17178345,99,99.29183197,99.32176971,99.32785034,99.3154068,99.5,99.26399994,99.23957062,99.7,99.80428314,99.8,99.3044281,99.36885834,99.9,99.53051758,99.67411041,99.76287079,99.53282166,99.87309265,99.9,99.1,99.99692535,100,100
Euro area,EMU,"Access to electricity, urban (% of urban population)",99.89868927,99.94800568,99.98246765,99.99720001,100,100,100,100,99.99960327,99.99386597,99.97096252,99.92546082,99.8642807,99.81176758,99.7770462,99.76545715,99.77469635,99.80051422,99.83867645,99.88494873,99.9330368,99.97090912,99.99215698,99.99905396,100,100,100,100,100
Eritrea,ERI,"Access to electricity, urban (% of urban population)",,,,,,80.6,79.82939148,79.69217682,79.53109741,79.35150146,79.16064453,78.96578979,78.3,78.59313965,78.42987061,78.28974152,78.17043304,78.06771088,77.97732544,77.89505768,77.81665802,77.73789978,77.65536499,77.56900787,77.47957611,77.3878479,77.29458618,77.20056152,77.10639954
Spain,ESP,"Access to electricity, urban (% of urban population)",99.89868927,99.94800568,99.98246765,99.99720001,100,100,100,100,99.99960327,99.99386597,99.97096252,99.92546082,99.8642807,99.81176758,99.7770462,99.76545715,99.77469635,99.80051422,99.83867645,99.88494873,99.9330368,99.97090912,99.99215698,99.99905396,100,100,100,100,100
Estonia,EST,"Access to electricity, urban (% of urban population)",99.89868927,99.94800568,99.98246765,99.99720001,100,100,100,100,99.99960327,99.99386597,99.97096252,99.92546082,99.8642807,99.81176758,99.7770462,99.76545715,99.77469635,99.80051422,99.83867645,99.88494873,99.9330368,99.97090912,99.99215698,99.99905396,100,100,100,100,100
Ethiopia,ETH,"Access to electricity, urban (% of urban population)",,,,,,,,,,,76.2,79.45573425,80.06397247,80.68273926,81.31929779,85.7,82.65951538,83.35662079,84.06606293,84.78362274,85.50505066,85.2,86.94342041,87.65688324,91.98251748,85,85.4,96.6,92.02026367
European Union,EUU,"Access to electricity, urban (% of urban population)",99.22788973,99.30033722,99.35617065,99.39241054,99.41679609,99.43819878,99.45896005,99.47857612,99.49660184,99.50883966,99.50460508,99.47866329,99.43694099,99.40343722,99.38702234,99.39269111,99.41814187,99.45888084,99.51096752,99.57163955,99.92820962,99.96920959,99.99118025,99.99845459,99.99685276,99.9995282,99.98339314,99.99926942,99.99890526
Fragile and conflict affected situations,FCS,"Access to electricity, urban (% of urban population)",,,,,,,,,,,73.03089535,73.38181009,74.64440103,75.03376232,75.60190587,75.66540351,77.41593514,79.33124206,78.76596443,77.83525331,77.93961114,80.45448784,80.23174075,80.43098245,80.54871878,80.81301449,82.87245066,83.65214833,81.98413477
Finland,FIN,"Access to electricity, urban (% of urban population)",99.89868927,99.94800568,99.98246765,99.99720001,100,100,100,100,99.99960327,99.99386597,99.97096252,99.92546082,99.8642807,99.81176758,99.7770462,99.76545715,99.77469635,99.80051422,99.83867645,99.88494873,99.9330368,99.97090912,99.99215698,99.99905396,100,100,100,100,100
Fiji,FJI,"Access to electricity, urban (% of urban population)",,,,,,,89.94625854,90.38319397,90.79627228,91.19083405,91.5741272,91.95343018,92.05,92,93.1399765,93.57400513,94.02884674,94.50028229,96.47,95.47593689,96.34513855,96.85546112,97.17558289,97.26,97.93123627,98.41365814,98.89455414,99.37467957,99.85467529
France,FRA,"Access to electricity, urban (% of urban population)",99.89868927,99.94800568,99.98246765,99.99720001,100,100,100,100,99.99960327,99.99386597,99.97096252,99.92546082,99.8642807,99.81176758,99.7770462,99.76545715,99.77469635,99.80051422,99.83867645,99.88494873,99.9330368,99.97090912,99.99215698,99.99905396,100,100,100,100,100
Faroe Islands,FRO,"Access to electricity, urban (% of urban population)",99.89868927,99.94800568,99.98246765,99.99720001,100,100,100,100,99.99960327,99.99386597,99.97096252,99.92546082,99.8642807,99.81176758,99.7770462,99.76545715,99.77469635,99.80051422,99.83867645,99.88494873,99.9330368,99.97090912,99.99215698,99.99905396,100,100,100,100,100
"Micronesia, Fed. Sts.",FSM,"Access to electricity, urban (% of urban population)",,,,,,,,,,,70,72.39699554,73.55850983,74.73055267,75.92037964,77.13335419,78.36714935,79.61752319,80.88024139,82.15106964,84.5912771,85.99427795,87.1264801,87.9727478,88.81526184,89.91560364,91.07502747,92.2813797,93.54032898
Gabon,GAB,"Access to electricity, urban (% of urban population)",,,,,,,,,,,90.2,91.73578644,91.94360352,92.16195679,92.39810181,93.2,92.93748474,93.23416138,93.54319,93.86032867,100,98.84405518,98.1,94.3,95.44190216,95.74958038,96.05573273,96.3611145,96.66636658
United Kingdom,GBR,"Access to electricity, urban (% of urban population)",99.89868927,99.94800568,99.98246765,99.99720001,100,100,100,100,99.99960327,99.99386597,99.97096252,99.92546082,99.8642807,99.81176758,99.7770462,99.76545715,99.77469635,99.80051422,99.83867645,99.88494873,99.9330368,99.97090912,99.99215698,99.99905396,100,100,100,100,100
Georgia,GEO,"Access to electricity, urban (% of urban population)",,,,,,,,,,,,,100,99.05670929,99.09247589,98.31918788,99.23109436,99.32740021,99.43605042,99.55281067,99.67343903,99.7937088,100,99.96466064,100,100,100,100,100
Ghana,GHA,"Access to electricity, urban (% of urban population)",,,,74.6,75.77058411,76.34442902,76.9010849,77.43624878,82.4,78.44033813,80.5,79.39939117,79.88018799,76.9,80.88062286,81.41287994,80.72065379,82.53560638,84.8,83.7077179,72.8,84.95149417,85.48517609,88.5,90.8,88.75803375,89.8,90,94.18721771
Gibraltar,GIB,"Access to electricity, urban (% of urban population)",99.89868927,99.94800568,99.98246765,99.99720001,100,100,100,100,99.99960327,99.99386597,99.97096252,99.92546082,99.8642807,99.81176758,99.7770462,99.76545715,99.77469635,99.80051422,99.83867645,99.88494873,99.9330368,99.97090912,99.99215698,99.99905396,100,100,100,100,100
Guinea,GIN,"Access to electricity, urban (% of urban population)",,,,,,,,,,53.8,56.14440536,57.65780258,59.17446899,60.70166397,62.2466507,63.8,65.40372467,67.00925446,68.6271286,70.25310516,71.88296509,73.5124588,74.2,76.76007843,78.37889862,80.23432159,82.2,84.38061523,87
"Gambia, The",GMB,"Access to electricity, urban (% of urban population)",,,,39.73962784,41.2479248,42.74332809,44.22153854,45.67826462,47.11112976,48.52547073,51.16,51.32763672,52.7299881,54.14287186,55.57354355,54.43686007,58.50198746,59.99320221,61.49676132,63.00843048,64.52397156,66.03915405,67.55056,67,70.56265259,72.06486511,74.18978119,79.4,76
Guinea-Bissau,GNB,"Access to electricity, urban (% of urban population)",,,,,,,,,,,,,,,,,34.4004065,25.48575211,26.12363434,26.76962662,11.8,28.06899452,28.71472931,29.35663223,33.1,37.97187424,43.16321564,48.17335129,53.05611801
Equatorial Guinea,GNQ,"Access to electricity, urban (% of urban population)",,,,,,,,,,,,,,,,,,,,,,93.1,91.74868774,91.52304077,91.29432678,91.06330872,90.83076477,90.59745026,90.36400604
Greece,GRC,"Access to electricity, urban (% of urban population)",99.89868927,99.94800568,99.98246765,99.99720001,100,100,100,100,99.99960327,99.99386597,99.97096252,99.92546082,99.8642807,99.81176758,99.7770462,99.76545715,99.77469635,99.80051422,99.83867645,99.88494873,99.9330368,99.97090912,99.99215698,99.99905396,100,100,100,100,100
Grenada,GRD,"Access to electricity, urban (% of urban population)",,,,,,,,,,,,,,,,,,,,,,,,,,,,,
Greenland,GRL,"Access to electricity, urban (% of urban population)",99.89868927,99.94800568,99.98246765,99.99720001,100,100,100,100,99.99960327,99.99386597,99.97096252,99.92546082,99.8642807,99.81176758,99.7770462,99.76545715,99.77469635,99.80051422,99.83867645,99.88494873,99.9330368,99.97090912,99.99215698,99.99905396,100,100,100,100,100
Guatemala,GTM,"Access to electricity, urban (% of urban population)",,,,,,88.9,92.78006744,92.90065765,92.99738312,91.3,95.397837,93.20547485,95.710971,96.030896,93.44297028,93.56064606,94.40666,93.8542099,94.02162933,94.19716644,94.37656403,94.603279,94.73088074,94.90232086,94.463137,95.23677063,95.40130615,95.56508636,95.72872925
Guam,GUM,"Access to electricity, urban (% of urban population)",99.94182587,99.97427368,99.99344635,99.99935913,100,100,100,100,100,99.99586487,99.97518921,99.93041992,99.86790466,99.81257629,99.77503967,99.76064301,99.76705933,99.79006958,99.82541656,99.8688736,99.91567993,99.95705414,99.98556519,99.99769592,100,100,100,100,100
Guyana,GUY,"Access to electricity, urban (% of urban population)",,,,90.396341,86.03964996,86.26345062,86.47006989,86.65518951,86.81645966,86.95920563,87.09069061,87.2181778,87.34893036,87.49021149,87.64928436,81.6,82.41903503,88.25415039,88.4861145,90.9,91.92121124,92.83978271,93.56815338,94.01058197,94.4,95.14576721,95.90135956,96.47573853,96.92275238
High income,HIC,"Access to electricity, urban (% of urban population)",99.61630625,99.67832757,99.71338834,99.7423645,99.75608635,99.76742289,99.77684046,99.78708638,99.79679357,99.79616072,99.78786312,99.74627589,99.69564798,99.65610226,99.6238944,99.61881353,99.64093842,99.66650262,99.71027994,99.76535392,99.9190082,99.95861995,99.98188869,99.98543982,99.99069344,99.99024066,99.98721829,99.99346001,99.99332558
"Hong Kong SAR, China",HKG,"Access to electricity, urban (% of urban population)",99.89776611,99.94740295,99.98220825,99.99714661,100,100,100,100,99.99960327,99.99388885,99.97103119,99.92560577,99.86452484,99.81210327,99.77748108,99.76599121,99.77532196,99.80123901,99.83950043,99.88587189,99.93397522,99.97164154,99.99250793,99.99912262,100,100,100,100,100
Honduras,HND,"Access to electricity, urban (% of urban population)",,88.700619,89.851267,92.082517,92.144467,93.264253,93.877733,95.072358,96.042962,95.3172,94.40910339,94.67635345,93.140655,94.466186,95.88663,96.042583,96.856154,97.539377,97.960649,97.921085,98.759449,99.174969,98.486672,98.989674,98.762347,98.897656,99.1,97.8,100
Heavily indebted poor countries (HIPC),HPC,"Access to electricity, urban (% of urban population)",,,,,,,,57.60321134,58.71909345,58.53528119,55.87416308,56.3048552,56.37641848,56.84010879,57.99067215,59.69328735,59.57418346,61.90697339,61.95136387,62.62987452,63.96174402,66.18322291,67.52756963,68.66766164,70.13868798,71.40244669,73.50459233,75.85883361,76.97207257
Croatia,HRV,"Access to electricity, urban (% of urban population)",98.57940674,98.74784851,98.91558075,99.07901764,99.2338562,99.37580109,99.50055695,99.60382843,99.68323517,99.74412537,99.79374695,99.83937836,99.88827515,99.94241333,99.97994232,99.99673462,100,100,100,100,100,100,100,100,100,100,100,100,100
Haiti,HTI,"Access to electricity, urban (% of urban population)",,,,,,76.5,71.72038269,71.26164246,70.7790451,70.27792358,81.9,62.46408,68.73604584,50.38757373,67.74867249,67.28702545,68.9,66.42193604,66.01003265,65.60623932,69.83862305,71.28226471,72.6,73.50321198,74.46695709,75.6885376,76.4,78.06864929,79.04073334
Hungary,HUN,"Access to electricity, urban (% of urban population)",99.89868927,99.94800568,99.98246765,99.99720001,100,100,100,100,99.99960327,99.99386597,99.97096252,99.92546082,99.8642807,99.81176758,99.7770462,99.76545715,99.77469635,99.80051422,99.83867645,99.88494873,99.9330368,99.97090912,99.99215698,99.99905396,100,100,100,100,100
IBRD only,IBD,"Access to electricity, urban (% of urban population)",,,,,,,,,,,96.86736113,95.97789202,96.5422525,96.81224953,96.81782995,97.02920213,97.56325291,97.54790299,97.68841776,98.3939881,98.38185793,98.23399721,98.69101833,98.67027442,98.65929369,98.74617844,99.18359262,99.35482413,99.50509354
IDA & IBRD total,IBT,"Access to electricity, urban (% of urban population)",,,,,,,,,,,93.20516633,92.47078517,92.87896644,93.12658919,93.08814893,93.39802955,93.74470449,93.99919381,94.15007966,94.74267952,94.81455853,95.04122734,95.43817425,95.41946288,95.52554212,95.7075755,96.3564553,96.8037571,96.75003034
IDA total,IDA,"Access to electricity, urban (% of urban population)",,,,,,,,,74.47144787,74.70127817,72.56398196,72.43993754,73.76484453,74.11867698,74.14311322,75.25544614,74.82345388,76.64267507,76.90362132,77.10387646,77.43036631,79.69196375,79.95283459,80.14248526,80.99268373,81.81715026,83.6215514,85.48435152,84.72004705
IDA blend,IDB,"Access to electricity, urban (% of urban population)",,,,,,,,,86.87663435,87.02684359,87.16257392,87.55299277,87.35152267,87.71092436,87.5331294,87.37153106,87.17857339,89.19905387,88.50568074,88.61142065,86.80665665,90.24416058,89.25881571,89.38587728,89.71328432,89.43466408,91.5603488,92.22960338,90.33418212
Indonesia,IDN,"Access to electricity, urban (% of urban population)",,87.6,92.83786774,93.21018219,94.6,93.92472839,94.25836182,97.5,94.8588028,95.12856293,95.3870697,95.64157867,95.89935303,98.1,96.45375824,96.76299286,97.0930481,98.2,97.79866791,98.9,98.96,99.35,99.2,99.67316508,99.74,99.83139359,99.8,99.89,99.88
IDA only,IDX,"Access to electricity, urban (% of urban population)",,,,,,,,,,63.21218431,61.34754154,60.9065306,64.75955395,65.1330483,65.39493831,67.445413,66.94580867,68.63729156,69.52304942,69.84037508,71.51424211,73.0303663,74.05617315,74.28687259,75.47122046,77.00387193,78.61793221,81.24580952,81.2040469
Isle of Man,IMN,"Access to electricity, urban (% of urban population)",99.89868927,99.94800568,99.98246765,99.99720001,100,100,100,100,99.99960327,99.99386597,99.97096252,99.92546082,99.8642807,99.81176758,99.7770462,99.76545715,99.77469635,99.80051422,99.83867645,99.88494873,99.9330368,99.97090912,99.99215698,99.99905396,100,100,100,100,100
India,IND,"Access to electricity, urban (% of urban population)",,,,82.8,86.18670654,86.69272614,87.1815567,87.64889526,88.09237671,91.3,88.93103027,87.6,89.75370026,90.17719269,90.6184845,91.08290863,93.1,92.06999207,92.58416748,96.1,94,92.9,96.1,95.93652344,96.54690552,97.5,98.34242249,99.08851624,99.70723724
Not classified,INX,"Access to electricity, urban (% of urban population)",,,,,,,,,,,,,,,,,,,,,,,,,,,,,
Ireland,IRL,"Access to electricity, urban (% of urban population)",99.89868927,99.94800568,99.98246765,99.99720001,100,100,100,100,99.99960327,99.99386597,99.97096252,99.92546082,99.8642807,99.81176758,99.7770462,99.76545715,99.77469635,99.80051422,99.83867645,99.88494873,99.9330368,99.97090912,99.99215698,99.99905396,100,100,100,100,100
"Iran, Islamic Rep.",IRN,"Access to electricity, urban (% of urban population)",,,,,,,,,,,100,99.73846436,99.70480347,99.68166351,99.67632294,99.69412231,100,99.78793335,99.85548401,100,99.97375488,99.99569702,100,99.98,100,100,100,100,100
Iraq,IRQ,"Access to electricity, urban (% of urban population)",,,,,,,,,,,,,,,,,99.5434927,99.32437897,99.41140747,99.50654602,99.60555267,100,99.69,99.89012909,99.95176697,99.98766327,99.99863434,100,99.9
Iceland,ISL,"Access to electricity, urban (% of urban population)",99.89868927,99.94800568,99.98246765,99.99720001,100,100,100,100,99.99960327,99.99386597,99.97096252,99.92546082,99.8642807,99.81176758,99.7770462,99.76545715,99.77469635,99.80051422,99.83867645,99.88494873,99.9330368,99.97090912,99.99215698,99.99905396,100,100,100,100,100
Israel,ISR,"Access to electricity, urban (% of urban population)",99.90260315,99.95056915,99.98358917,99.99742126,100,100,100,100,99.99958801,99.99378204,99.97067261,99.92485046,99.86327362,99.81034851,99.77521515,99.76322174,99.77204895,99.79745483,99.83520508,99.881073,99.92906952,99.96783447,99.99072266,99.99876404,100,100,100,100,100
Italy,ITA,"Access to electricity, urban (% of urban population)",99.89868927,99.94800568,99.98246765,99.99720001,100,100,100,100,99.99960327,99.99386597,99.97096252,99.92546082,99.8642807,99.81176758,99.7770462,99.76545715,99.77469635,99.80051422,99.83867645,99.88494873,99.9330368,99.97090912,99.99215698,99.99905396,100,100,100,100,100
Jamaica,JAM,"Access to electricity, urban (% of urban population)",82.110334,86.21343231,86.79266357,87.36759949,87.93393707,88.48738098,92.356928,89.53840637,90.02931213,88.49866,90.96282959,92.721311,92.639077,92.35127258,92.83998871,93.35184479,93.88452148,94.43377686,99.5,95.56509399,95.8,96.7118988,97.28135681,96.6,96.75,98,99.52851105,99.81773376,100
Jordan,JOR,"Access to electricity, urban (% of urban population)",99.23476686,99.31324768,99.39673615,99.47592163,99.54651642,99.60421753,99.64472198,99.8,99.65890503,99.63554382,99.60092926,99.56230927,99.7,99.50213623,99.49510956,99.51121521,100,99,100,99.6,100,99.89679718,99.5,99.98617554,99.99815369,100,100,100,100
Japan,JPN,"Access to electricity, urban (% of urban population)",99.89776611,99.94740295,99.98220825,99.99714661,100,100,100,100,99.99960327,99.99388885,99.97103119,99.92560577,99.86452484,99.81210327,99.77748108,99.76599121,99.77532196,99.80123901,99.83950043,99.88587189,99.93397522,99.97164154,99.99250793,99.99912262,100,100,100,100,100
Kazakhstan,KAZ,"Access to electricity, urban (% of urban population)",,,,,,99.9,99.61514282,99.64561462,99.65222931,99.4,99.61715698,99.58999634,99.56610107,99.55273438,99.55715942,99.58472443,99.82867545,99.69806671,99.775383,100,99.93244934,99.96874349,99.99687958,100,100,100,100,100,100
Kenya,KEN,"Access to electricity, urban (% of urban population)",,,,42.5,41.44920731,42.95762253,44.44884872,45.91858673,47.5,48.79181671,50.20791245,51.62001038,53.03537369,50.2,55.904953,57.37177658,58.85942078,60.36364746,61.88021851,65.6,58.2,66.46164703,67.98606873,69.50666046,68.4,78.1,77.6,80.95979309,83.97079468
Kyrgyz Republic,KGZ,"Access to electricity, urban (% of urban population)",,,,,,,,100,99.93331909,99.89732361,99.83831024,99.7753067,100,99.66635895,99.6349411,99.77748109,99.6391983,99.66832733,99.70979309,99.7593689,99.81282043,99.86590576,99.8,99.95569611,99.9,99.99754333,100,100,100
Cambodia,KHM,"Access to electricity, urban (% of urban population)",,,,,,,,,55.98,59.73876572,60.6,64.33075714,66.62802124,68.93580627,71.26139069,66.8,75.97966003,78.36578369,87,83.17082977,91.3,93.12310791,94.29438019,95.17971039,96.9,97.59672546,99.09627533,99.06,100
Kiribati,KIR,"Access to electricity, urban (% of urban population)",,,,,,,,,,,,,,,,93.61296473,91.7,90.88622284,91.13846588,88.56,89.54511559,91.92690277,92.18699646,92.44325256,92.69644928,88.31,93.19670105,93.44529724,93.69376373
St. Kitts and Nevis,KNA,"Access to electricity, urban (% of urban population)",,,,,,,,,,,,98.89362335,98.8971405,98.91117859,98.94301605,98.99799347,99.07378387,99.16616058,99.27088165,99.38371277,99.61740112,99.85346985,99.93255615,99.95532227,99.92150879,99.97581482,99.99648285,100,100
"Korea, Rep.",KOR,"Access to electricity, urban (% of urban population)",99.93544006,99.97116852,99.99241638,99.99917603,100,100,100,100,100,99.99660492,99.97900391,99.93916321,99.88129425,99.82746124,99.79141235,99.77850342,99.78642273,99.81091309,99.84775543,99.89270782,99.93923187,99.97492218,99.99384308,99.99937439,100,100,100,100,100
Kuwait,KWT,"Access to electricity, urban (% of urban population)",99.90260315,99.95056915,99.98358917,99.99742126,100,100,100,100,99.99958801,99.99378204,99.97067261,99.92485046,99.86327362,99.81034851,99.77521515,99.76322174,99.77204895,99.79745483,99.83520508,99.881073,99.92906952,99.96783447,99.99072266,99.99876404,100,100,100,100,100
Latin America & Caribbean (excluding high income),LAC,"Access to electricity, urban (% of urban population)",,,97.41105346,97.80471675,96.04426403,97.79894379,97.99750884,98.09108492,98.17754279,98.34136004,98.78760735,97.95179628,98.16787179,98.0301154,98.31188636,98.35416949,98.59644394,98.66951721,98.92030684,98.89647306,99.25826292,99.30330441,99.31694608,99.38785801,99.35164322,99.33046218,99.43313023,99.53481202,99.59634503
Lao PDR,LAO,"Access to electricity, urban (% of urban population)",,,,97,95.26855469,95.42227173,95.55879974,95.67383575,95.76501465,95.83766937,95.89906311,95.95646667,96.01712799,97,96.17731476,92.2,94.13188143,96.57191467,99,96.90377045,97.07762146,97.25111389,97.43094456,97.58673859,97.75375366,97.8,98.83503723,99.5,99.48561096
Lebanon,LBN,"Access to electricity, urban (% of urban population)",,,,,,,,,,,,,,,99.19831848,99.31121826,99.47873228,100,100,99.88742065,99.96703339,99.75331483,100,100,100,100,100,100,100
Liberia,LBR,"Access to electricity, urban (% of urban population)",,,,,,,,,,,,,,,,,0.779591739,6.9,4.580773354,3.5,9.87106514,7.2,15.16073704,16.4,14.8,27.07587624,34,40.5,43.61195374
Libya,LBY,"Access to electricity, urban (% of urban population)",,,,,,,,,,,100,99.84250641,99.89316559,99.94632721,99.98191071,99.99714661,100,100,100,100,100,100,100,100,100,100,100,100,100
St. Lucia,LCA,"Access to electricity, urban (% of urban population)",,,,,,,,,,,,95.9,95.07733154,95.01739502,94.97525024,94.95624542,94.95805359,94.97645569,95.00719452,95.0460434,95.08876801,95.1311264,94.11764706,95.20448303,95.23617554,95.74105072,96.50065613,97.07904816,97.53007507
Latin America & Caribbean,LCN,"Access to electricity, urban (% of urban population)",,,97.52358372,97.9038224,96.27041591,97.89862155,98.08434974,98.17553903,98.26101292,98.40662476,98.83723857,98.03216503,98.23376863,98.11287776,98.36733526,98.40780086,98.65138353,98.71094857,98.95134728,98.93947461,99.27932242,99.32599017,99.34338068,99.40387729,99.37996123,99.35770076,99.46017948,99.5584853,99.61722602
Least developed countries: UN classification,LDC,"Access to electricity, urban (% of urban population)",,,,,,,,,,,56.59588525,54.70479046,58.33900444,59.2153461,59.45846843,61.93314315,61.64094442,64.20287326,64.50368585,65.04846432,68.92913593,70.14290692,70.93613614,70.72423244,71.0649996,73.59637959,75.51705645,78.26449446,78.11314098
Low income,LIC,"Access to electricity, urban (% of urban population)",,,,,,,,,,,48.27050543,48.66138646,54.24072542,54.82974957,55.83319043,58.01575535,58.12637402,59.93718531,60.23192058,57.09258716,59.25778841,61.06977846,62.63451382,63.31805722,64.95906914,65.75306305,67.48321305,70.19525503,70.0078682
Liechtenstein,LIE,"Access to electricity, urban (% of urban population)",99.89868927,99.94800568,99.98246765,99.99720001,100,100,100,100,99.99960327,99.99386597,99.97096252,99.92546082,99.8642807,99.81176758,99.7770462,99.76545715,99.77469635,99.80051422,99.83867645,99.88494873,99.9330368,99.97090912,99.99215698,99.99905396,100,100,100,100,100
Sri Lanka,LKA,"Access to electricity, urban (% of urban population)",,,,,,,,,,,,85.3,91.3,90.43609619,91.03868103,91.66440582,92.3109436,95.3,93.64953613,94.33311462,95.6,96.83,97.31315613,98,97.95723724,98.53522491,99,99.76541901,100
Lower middle income,LMC,"Access to electricity, urban (% of urban population)",,,,81.49648496,84.36109403,84.63593168,85.20933711,86.42439354,87.14986714,88.67792946,88.00813156,86.29840008,87.51829787,87.93945817,88.03994511,89.04143405,89.84385148,90.17533456,90.64781651,92.21445623,91.57050253,91.9799954,93.00826242,92.8591408,92.97714172,93.95694612,95.12619975,95.96358487,95.9514231
Low & middle income,LMY,"Access to electricity, urban (% of urban population)",,,,,,,,,,,93.03290979,92.2905458,92.71784656,92.97501184,92.94316414,93.26608361,93.62200186,93.8866231,94.04364213,94.24982549,94.34963713,94.59452226,95.01134456,95.00950002,95.13052695,95.330425,96.00162219,96.46529574,96.42327111
Lesotho,LSO,"Access to electricity, urban (% of urban population)",,,,,,,,,,,13.60089186,18.63978767,21.61405945,24.59885979,26.2,30.62718773,33.67374039,36.73687363,39.81235123,43.2,53.54780579,55.9369812,58.135952,60.04898453,61.5,64.12537384,66.35157013,68.39655304,70.7
Late-demographic dividend,LTE,"Access to electricity, urban (% of urban population)",,,,,,,,,,,99.81762304,99.37681699,99.44463504,99.45629177,99.48843555,99.55609915,99.68758039,99.70468122,99.7705761,98.87522323,98.99162101,99.03172997,99.06764586,99.11093262,99.08906421,98.82563345,99.22427024,99.27780852,99.30906405
Lithuania,LTU,"Access to electricity, urban (% of urban population)",99.89868927,99.94800568,99.98246765,99.99720001,100,100,100,100,99.99960327,99.99386597,99.97096252,99.92546082,99.8642807,99.81176758,99.7770462,99.76545715,99.77469635,99.80051422,99.83867645,99.88494873,99.9330368,99.97090912,99.99215698,99.99905396,100,100,100,100,100
Luxembourg,LUX,"Access to electricity, urban (% of urban population)",99.89868927,99.94800568,99.98246765,99.99720001,100,100,100,100,99.99960327,99.99386597,99.97096252,99.92546082,99.8642807,99.81176758,99.7770462,99.76545715,99.77469635,99.80051422,99.83867645,99.88494873,99.9330368,99.97090912,99.99215698,99.99905396,100,100,100,100,100
Latvia,LVA,"Access to electricity, urban (% of urban population)",99.89868927,99.94800568,99.98246765,99.99720001,100,100,100,100,99.99960327,99.99386597,99.97096252,99.92546082,99.8642807,99.81176758,99.7770462,99.76545715,99.77469635,99.80051422,99.83867645,99.88494873,99.9330368,99.97090912,99.99215698,99.99905396,100,100,100,100,100
"Macao SAR, China",MAC,"Access to electricity, urban (% of urban population)",99.87814331,99.93241882,99.97359467,99.99416351,99.99954224,100,100,100,99.99902344,99.99105835,99.96504211,99.91801453,99.85732269,99.80593872,99.7723465,99.76189423,99.77226257,99.79920959,99.83850861,99.88591003,99.9348526,99.97270203,99.99310303,99.99925232,100,100,100,100,100
St. Martin (French part),MAF,"Access to electricity, urban (% of urban population)",,,,,,,,,,,,,,,,,,,,,84.59,95.61341858,96.5005722,97.38389587,98.2641449,99.24112701,99.69439697,99.95256805,100
Morocco,MAR,"Access to electricity, urban (% of urban population)",,,84.7,90.03056335,90.50170135,90.6,91.40098572,91.82054901,92.21625519,92.59342957,98.48,93.3212738,93.6864624,94.06218719,94.6,94.87234497,99.26,95.76387024,96.23026276,96.70477295,98.49407959,98.32482147,98.13542175,98.7,95.2,99.5382309,99.82662964,99.971138,100
Monaco,MCO,"Access to electricity, urban (% of urban population)",99.89868927,99.94800568,99.98246765,99.99720001,100,100,100,100,99.99960327,99.99386597,99.97096252,99.92546082,99.8642807,99.81176758,99.7770462,99.76545715,99.77469635,99.80051422,99.83867645,99.88494873,99.9330368,99.97090912,99.99215698,99.99905396,100,100,100,100,100
Moldova,MDA,"Access to electricity, urban (% of urban population)",,,,,,,,,,,,,99.84421539,99.79141998,99.75641632,99.4,99.75350952,99.7790451,99.81693268,99.86292267,99.91216278,99.95549011,99.98512268,99.99764252,100,100,100,100,100
Madagascar,MDG,"Access to electricity, urban (% of urban population)",,,46.9,40.77899933,41.96814728,43.14440155,44.3034668,38.1,46.55475998,47.64995193,48.73388672,42.08487,50.89702988,52.7,53.10229111,54.23695374,55.39243698,56.56450272,57.74891663,68.6,60.13783264,61.5,62.52612686,60.7,64.89992523,66.08298492,67.3,68.44528198,69.62591553
Maldives,MDV,"Access to electricity, urban (% of urban population)",,,,,,,,,,,98.73480225,98.74763489,98.76374054,98.79036713,98.83479309,98.90235901,98.99073792,99.09570313,99.2130127,99.9,99.96510315,99.96510315,99.96510315,99.95363617,100,99.98055267,99.99758911,99.7,100
Middle East & North Africa,MEA,"Access to electricity, urban (% of urban population)",,,,,,,,,,,99.25563157,98.54859299,98.62965944,98.74836003,98.79786392,98.81981244,99.42200027,99.0290651,99.30138513,99.27189059,99.64237811,99.69294923,99.55025739,99.72466006,99.38803447,99.6469354,99.8158374,99.84078773,99.38019672
Mexico,MEX,"Access to electricity, urban (% of urban population)",,,98.584698,99.0915451,99.25589,99.23538208,99.076735,99.31045532,99.17507,99.29779816,99.430718,99.24010468,99.526178,99.19547272,99.390082,99.605581,99.705865,99.32608032,99.725953,99.48144531,99.703549,99.77259064,99.650006,99.81143188,99.63725,99.3,99.8,99.99739075,100
Marshall Islands,MHL,"Access to electricity, urban (% of urban population)",,,,,,,,,,88.91218262,89.18143463,89.44792938,89.71769714,89.99799347,90.29607391,90.61730194,90.95935059,91.6,91.68894958,92.06803131,92.45098114,92.4970405,93.21240234,93.58739471,93.95932007,94.32894135,94.95871735,95.41129303,95.73649597
Middle income,MIC,"Access to electricity, urban (% of urban population)",,,,,,,,,,,95.03721468,94.2160947,94.67216845,94.93774529,94.91078415,95.22930141,95.64582996,95.84810406,96.01297276,96.69012949,96.63609659,96.80177023,97.14735039,97.12019455,97.16062063,97.34663524,97.97289695,98.30820373,98.30655029
North Macedonia,MKD,"Access to electricity, urban (% of urban population)",,,,,,,,,,,,,,,,,98,99.71698761,99.75255585,99.79624176,99.84379578,99.79474548,99.96099091,99.97358704,99.98940277,99.99837494,100,100,100
Mali,MLI,"Access to electricity, urban (% of urban population)",,,,,,,21.5,25.38090515,28.30039978,31.20137405,34.09108734,37,39.86578369,42.76529694,45.68260193,48.62304306,47.4,54.56215286,57.55234146,57.86163522,73.57891083,75.41516113,76,78.42131042,79.77766418,83.1,83.06510925,84.55716705,85.6
Malta,MLT,"Access to electricity, urban (% of urban population)",99.89868927,99.94800568,99.98246765,99.99720001,100,100,100,100,99.99960327,99.99386597,99.97096252,99.92546082,99.8642807,99.81176758,99.7770462,99.76545715,99.77469635,99.80051422,99.83867645,99.88494873,99.9330368,99.97090912,99.99215698,99.99905396,100,100,100,100,100
Myanmar,MMR,"Access to electricity, urban (% of urban population)",,,,,,,,,,,,,83.08797455,83.58320618,84.09622955,84.63238525,85.1893692,85.76293182,86.34883881,86.94285583,89,88.31313324,88.98774719,89.3764267,85.5,90.8,92.3,92.5545213,92.24079132
Middle East & North Africa (excluding high income),MNA,"Access to electricity, urban (% of urban population)",,,,,,,,,,,99.05355003,98.153789,98.29060489,98.44713356,98.52353277,98.55353795,99.32548728,98.83055765,99.17544188,99.12824996,99.57256171,99.62666274,99.44509286,99.65888946,99.24025489,99.56125204,99.77097481,99.80191097,99.22872014
Montenegro,MNE,"Access to electricity, urban (% of urban population)",,,,,,,,,,,,,,,,100,99.73999023,99.76213837,99.79663849,99.83924103,99.8857193,99.92936707,99.96613312,99.6,99.6,100,100,100,100
Mongolia,MNG,"Access to electricity, urban (% of urban population)",,,,,,,,,,,97.4524765,97.39845276,97.34770203,99.5,97.28504181,97.9,97.30726624,97.34537506,97.39582825,97.45439148,96.07942974,94.15539127,97.6371994,97.8,97.74308014,98.08047485,98.79904938,99.33641815,99.7
Northern Mariana Islands,MNP,"Access to electricity, urban (% of urban population)",99.83689117,99.89324951,99.94395447,99.98055267,99.99681091,100,100,99.99954987,99.99385071,99.9713974,99.9256134,99.86390686,99.80071259,99.74804688,99.71318054,99.70144653,99.71053314,99.73620605,99.77422333,99.82035065,99.87034607,99.93546295,99.96430206,99.98646545,99.99786377,100,100,100,100
Mozambique,MOZ,"Access to electricity, urban (% of urban population)",,,,,,,,25.8,18.60036659,21.10879135,23.60595703,20.1,28.59556198,25,33.627285,36.17517853,38.74389267,37.5,38.88888889,43.1,54.64699554,54.5,59.89567947,62.13898087,68,68,69.43236542,71.80762482,72.2
Mauritania,MRT,"Access to electricity, urban (% of urban population)",,,,,,,,,,,,49.7,49.83512115,51.79451752,53.77170563,41.6,57.79317474,70.36633232,61.88097763,63.93915939,76.42545319,76.80612183,76.99658203,76.90110016,76.9,76.96047211,78.3218689,80.36829376,82.41458893
Mauritius,MUS,"Access to electricity, urban (% of urban population)",,,,,,,,,,,100,99.52954102,100,98.07380676,97.3690033,96.68733215,96.026474,95.38220978,94.75028229,94.12647247,93.50653076,92.88622284,92.26215363,91.63424683,91.00327301,90.37000275,89.73519897,89.09962463,88.46392822
Malawi,MWI,"Access to electricity, urban (% of urban population)",,,19.8,18.61519814,19.81139183,20.99469376,22.16080284,23.30542564,24.42618752,25.52842712,28.7,27.70639038,28.7966404,37.14606,30.2,32.15769958,23.56792144,34.49934006,35.69079971,36.8903656,34.7,32.6,37.1,36.6,46.1,48.7,42,57.5,55.16200256
Malaysia,MYS,"Access to electricity, urban (% of urban population)",,,,,,,,,,,,,,,,,,,,99.9,99.70243835,99.87976837,99.9,99.99827576,100,100,100,100,100
North America,NAC,"Access to electricity, urban (% of urban population)",99.9024658,99.95048141,99.98355163,99.99741278,100,100,100,100,99.99958953,99.99378347,99.97068749,99.92486967,99.86330466,99.81039276,99.77527249,99.76329136,99.77213164,99.79755081,99.83531476,99.88119621,99.92919606,99.96793479,99.99076969,99.99877243,100,100,100,100,100
Namibia,NAM,"Access to electricity, urban (% of urban population)",,,66,71,72.02199554,71.9486618,71.85813904,71.74612427,71.61025238,71.45586395,73.2,71.12055969,70.95417023,70.79831696,70.66025543,70.54532623,70.45122528,77.6,70.30852509,78.4,70.59347534,70.1,71.39251709,72.2,71.42572021,74.6,69.3,72.18034363,72.20340729
New Caledonia,NCL,"Access to electricity, urban (% of urban population)",99.94182587,99.97427368,99.99344635,99.99935913,100,100,100,100,100,99.99586487,99.97518921,99.93041992,99.86790466,99.81257629,99.77503967,99.76064301,99.76705933,99.79006958,99.82541656,99.8688736,99.91567993,99.95705414,99.98556519,99.99769592,100,100,100,100,100
Niger,NER,"Access to electricity, urban (% of urban population)",,,26.7,31.90649223,33.11924362,34.31910324,35.50177002,36.66294861,36.5,38.91906738,40.67278287,41.13014603,42.23695374,43.35429001,44.48941803,45.647686,47.2,48.02244186,49.23045731,50.44658279,63.52415848,59.9,61.8,59.09037781,57.35467148,60.2,58.93488312,60.13925171,47.63
Nigeria,NGA,"Access to electricity, urban (% of urban population)",82.4,83.81515503,83.87937927,83.93930817,83.99063873,84.02907562,84.05032349,84.05008698,84.02598572,84.3,83.92948151,83.87160492,83.81698608,84.9,83.74661255,83.74346161,83.76113129,86.16288264,84.8,83.89668274,79.8,87.1,84.06791687,83.6,84.16608429,81.5,86,86.8,81.7
Nicaragua,NIC,"Access to electricity, urban (% of urban population)",,,,93.545318,91.57472992,91.94684601,92.30177307,92.63520813,90.707303,93.23584747,93.51564026,91.886024,94.07050323,94.36009979,94.6674881,95.431992,95.34936523,95.71729279,96.0975647,97.937148,96.91860962,97.57132721,98.03382874,98.21040344,98.406807,98.81386566,99.3035965,99.61212158,99.93318939
Netherlands,NLD,"Access to electricity, urban (% of urban population)",99.89868927,99.94800568,99.98246765,99.99720001,100,100,100,100,99.99960327,99.99386597,99.97096252,99.92546082,99.8642807,99.81176758,99.7770462,99.76545715,99.77469635,99.80051422,99.83867645,99.88494873,99.9330368,99.97090912,99.99215698,99.99905396,100,100,100,100,100
Norway,NOR,"Access to electricity, urban (% of urban population)",99.89868927,99.94800568,99.98246765,99.99720001,100,100,100,100,99.99960327,99.99386597,99.97096252,99.92546082,99.8642807,99.81176758,99.7770462,99.76545715,99.77469635,99.80051422,99.83867645,99.88494873,99.9330368,99.97090912,99.99215698,99.99905396,100,100,100,100,100
Nepal,NPL,"Access to electricity, urban (% of urban population)",,,,,,,78.4,82.29557037,83.03683472,83.75957489,84.47104645,85.7,85.8892746,86.61055756,87.4,88.11183167,90.1,89.69446564,90.50642395,91.32648468,95.5,94.11,95.6452179,95.55792236,97.7,96.23329926,94.5,97.85067749,95.75
Nauru,NRU,"Access to electricity, urban (% of urban population)",,,,,,,,,,,,,,,,,,97.63792419,97.83802032,98.0462265,98.5995636,99,99.10755157,98.9805069,99.08314514,99,99.47911072,99.67556,99.87187958
New Zealand,NZL,"Access to electricity, urban (% of urban population)",99.9171524,99.96009827,99.98775482,99.99822998,100,100,100,100,99.99954224,99.99346924,99.96961975,99.92256927,99.85951996,99.80506897,99.76841736,99.75489807,99.7621994,99.78607941,99.8223114,99.86664581,99.91430664,99.95639038,99.98535156,99.99766541,100,100,100,100,100
OECD members,OED,"Access to electricity, urban (% of urban population)",99.55179986,99.63343391,99.59014375,99.65695416,99.68422432,99.70208095,99.6895816,99.71897821,99.71644912,99.72613643,99.73935142,99.67417448,99.65218772,99.58906866,99.57798303,99.60130104,99.62580483,99.61723199,99.70837207,99.73180547,99.90516368,99.94480026,99.95026663,99.97283009,99.96021261,99.92757811,99.97432758,99.99589714,99.9996657
Oman,OMN,"Access to electricity, urban (% of urban population)",99.93586731,99.97125244,99.99234009,99.99913025,100,100,100,100,99.99960327,99.99364471,99.9696579,99.92179108,99.85739136,99.80143738,99.76328278,99.7482605,99.75405884,99.77644348,99.81117249,99.85400391,99.90058899,99.94361877,99.97667694,99.99410248,99.9993515,100,100,100,100
Other small states,OSS,"Access to electricity, urban (% of urban population)",,,,,,,,,,,79.61933791,78.93574258,79.92123756,80.35048744,80.92231285,82.16885141,80.95744959,81.71517263,81.98606293,83.25004097,84.1626678,85.52302297,85.74119704,85.69081514,86.4892794,87.36264179,87.82452144,88.95216021,89.29101727
Pakistan,PAK,"Access to electricity, urban (% of urban population)",,,,,,,,,93.14,93.45879364,93.77500916,94.08518982,94.3948822,94.70965576,95.03495026,95.37348175,95.72528839,96.09025574,96.4683075,96.85932922,97.26324463,97.67960358,98.10661316,98.5421524,98.98408508,99.43028259,99.8786087,100,100
Panama,PAN,"Access to electricity, urban (% of urban population)",95.56,95.68560791,95.88787079,96.08583069,96.27519989,96.45166779,96.61095428,96.74874878,96.86268616,96.95809937,97.19,97.12240601,97.20582581,97.2997818,97.41152191,97.54640961,97.70211029,97.87438965,98.059021,98.25176239,98.7,98.71759033,99.02690125,98.3,99.21134186,99.3946228,99.68389893,99.8392334,99.93820953
Peru,PER,"Access to electricity, urban (% of urban population)",,,90.3,91.29398346,91.68619537,92.06550598,92,91.792103,93.421129,95.064564,95.160342,92.363804,93.830749,93.762531,94.305688,94.65564,96.160471,95.809539,97.041166,97.476145,98.142493,98.376636,98.629566,98.779725,98.880892,98.874896,98.9,98.9,99
Philippines,PHL,"Access to electricity, urban (% of urban population)",,,,83.7,87.28197479,87.73193359,88.16469574,88.57597351,91.1,90.13870288,89.68992615,90.04356384,90.40046692,92,91.15312958,91.56149292,91.99068451,92.43644714,93.7,93.36078644,93.83087921,94.3006134,94.76657867,94.1,95.68777466,95.91,96.59976959,96.4,97.50857544
Palau,PLW,"Access to electricity, urban (% of urban population)",,,,,,,,,,,,,,,,99.69929836,99.0302887,99.09634399,99.17475128,99.26126862,99.35165405,99.44168091,98.49097512,99.61036682,100,99.76678467,99.89597321,99.94311523,100
Papua New Guinea,PNG,"Access to electricity, urban (% of urban population)",,,,,,,63.1,60.52838898,61.33932114,62.13172913,62.91287994,63.69002914,64.47045135,65.26139832,66.07013702,66.90201569,61.3,68.62399292,69.50562286,69.6,71.2,72.8955307,74.35440063,75.52733612,76.69651794,78.12352753,79.3,80.914505,82.09201813
Poland,POL,"Access to electricity, urban (% of urban population)",99.89868927,99.94800568,99.98246765,99.99720001,100,100,100,100,99.99960327,99.99386597,99.97096252,99.92546082,99.8642807,99.81176758,99.7770462,99.76545715,99.77469635,99.80051422,99.83867645,99.88494873,99.9330368,99.97090912,99.99215698,99.99905396,100,100,100,100,100
Pre-demographic dividend,PRE,"Access to electricity, urban (% of urban population)",,,,,,,,,61.99817426,62.16603872,57.75993097,57.04794528,58.03981692,59.07502283,59.35113683,60.97350194,64.17057753,67.10866787,66.27324124,66.30515946,67.6485235,71.01820337,70.63442131,71.05815223,71.01224098,72.82712289,75.77772048,77.27416269,77.00012696
Puerto Rico,PRI,"Access to electricity, urban (% of urban population)",100,100,100,100,100,100,100,100,100,100,100,99.99793243,99.98635864,99.95891571,99.92340088,99.88455963,99.87577057,99.88356781,99.90903473,99.93390656,99.96247864,99.98521423,99.99671936,99.9997406,100,100,100,100,100
"Korea, Dem. People’s Rep.",PRK,"Access to electricity, urban (% of urban population)",,,,,,,,,,,,,,,,,,,,26.39101028,27.73521233,29.13096619,30.60022736,32.13440323,33.71726608,35.33259201,36.96414185,38.5983963,40
Portugal,PRT,"Access to electricity, urban (% of urban population)",99.89868927,99.94800568,99.98246765,99.99720001,100,100,100,100,99.99960327,99.99386597,99.97096252,99.92546082,99.8642807,99.81176758,99.7770462,99.76545715,99.77469635,99.80051422,99.83867645,99.88494873,99.9330368,99.97090912,99.99215698,99.99905396,100,100,100,100,100
Paraguay,PRY,"Access to electricity, urban (% of urban population)",,,,,,96.450145,97.23674011,97.566108,97.47727203,97.515368,97.64564514,97.925846,97.754926,97.80421,97.533542,98.394309,98.536399,98.833535,99.009049,98.388943,99.495933,99.555902,99.638662,99.771428,99.831939,99.815336,99.9,99.8,100
West Bank and Gaza,PSE,"Access to electricity, urban (% of urban population)",,,,,,,,99.93002319,99.91257477,99.87902832,99.9,99.76042938,99.70239258,99.7,99.78,99.61859894,99.8,99.8,99.70684814,99.51,99.9,99.94,99.92956543,99.95889282,99.8,99.99789429,100,99.9,100
Pacific island small states,PSS,"Access to electricity, urban (% of urban population)",,,,,,,89.75187251,90.13888879,90.50389485,86.89193636,86.79887704,87.13232549,87.28508544,87.297846,88.05227713,88.89908154,89.04085079,90.33495208,90.74742341,90.92337024,90.67301122,91.32842185,91.62063488,90.65977054,92.2342645,92.11298578,93.24328641,94.02545564,94.82178537
Post-demographic dividend,PST,"Access to electricity, urban (% of urban population)",99.60945053,99.66929391,99.71348226,99.73821916,99.75150125,99.76202263,99.77214558,99.78160986,99.79008111,99.79293558,99.78149636,99.73814262,99.68519438,99.64238128,99.61587953,99.62497818,99.63376337,99.67009523,99.71008817,99.76244911,99.927145,99.966679,99.98714841,99.99790187,99.99853873,99.99977599,99.99980634,99.99972993,99.99959583
French Polynesia,PYF,"Access to electricity, urban (% of urban population)",99.9171524,99.96009827,99.98775482,99.99822998,100,100,100,100,99.99954224,99.99346924,99.96961975,99.92256927,99.85951996,99.80506897,99.76841736,99.75489807,99.7621994,99.78607941,99.8223114,99.86664581,99.91430664,99.95639038,99.98535156,99.99766541,100,100,100,100,100
Qatar,QAT,"Access to electricity, urban (% of urban population)",99.90260315,99.95056915,99.98358917,99.99742126,100,100,100,100,99.99958801,99.99378204,99.97067261,99.92485046,99.86327362,99.81034851,99.77521515,99.76322174,99.77204895,99.79745483,99.83520508,99.881073,99.92906952,99.96783447,99.99072266,99.99876404,100,100,100,100,100
Romania,ROU,"Access to electricity, urban (% of urban population)",99.92218018,99.96325684,99.98908997,99.99848938,100,100,100,100,99.99925995,99.99197388,99.96609497,99.91723633,99.85299683,99.79758453,99.75996399,99.74547577,99.7518158,99.7747345,99.81000519,99.8533783,99.90049744,99.94396973,99.97715759,99.99437714,99.99941254,100,99.5,100,100
Russian Federation,RUS,"Access to electricity, urban (% of urban population)",100,100,100,100,100,100,100,100,99.99563599,99.97242737,99.9176178,99.83789063,99.74882507,99.67028046,99.60953522,99.57192993,99.55513763,99.55493164,99.56707001,99.58731842,99.61144257,99.76451874,99.81008148,99.67134857,99.68444061,95.1,99.70448303,99.71297455,99.72133636
Rwanda,RWA,"Access to electricity, urban (% of urban population)",,,31.1,18.52530479,20.81332779,23.08845901,25.34639931,27.58285141,29.79544449,31.9895134,38.9,36.35113907,38.53321838,40.72582626,42.93622971,25.1,47.42412949,49.69506836,28.1,54.26975632,44.5,58.2,67.6,61.5,71.8,72.9,79.97,84.8,89.06227112
South Asia,SAS,"Access to electricity, urban (% of urban population)",,,,81.58666124,85.22142716,85.31204225,85.77922115,86.86925406,87.59625176,90.24124079,88.88335323,87.56927246,89.40434267,89.84457827,89.96507313,90.653958,91.91685764,91.58104046,92.3836211,95.14420515,93.93418204,93.20835911,95.8436883,95.49984311,96.36351449,97.3144936,98.11578571,99.24234282,99.46393118
Saudi Arabia,SAU,"Access to electricity, urban (% of urban population)",100,100,100,100,100,100,100,100,100,100,100,99.99803162,99.98683167,99.95993042,99.92471313,99.88585663,99.87695313,99.8846283,99.91001892,99.93471527,99.96312714,99.98564148,99.99690247,99.99977112,100,100,100,100,100
Sudan,SDN,"Access to electricity, urban (% of urban population)",66.1,63.66651535,64.00644684,64.34207916,64.66911316,64.98325348,65.28020477,65.55567169,65.80727386,66.0403595,66.26218414,66.48001099,66.70110321,66.932724,67.18213654,67.45468903,67.74806213,68.05801392,68.38031769,58,69.48794556,71.56949615,73.46084595,75.06626129,76.3,78.52741241,80.44598389,82.18334961,83.79334259
Senegal,SEN,"Access to electricity, urban (% of urban population)",,,,58.6,66.17266846,67.28967285,68.38948059,68.9,70.5222702,72.8,74.64,73.60356903,74.16916,75.66200256,76.71427155,80.4,83.6,79.99872589,81.12388611,83.4,85.81994629,87.8,87.02701569,87.8,85,86.9,87.7,91.7,92.40834808
Singapore,SGP,"Access to electricity, urban (% of urban population)",99.89776611,99.94740295,99.98220825,99.99714661,100,100,100,100,99.99960327,99.99388885,99.97103119,99.92560577,99.86452484,99.81210327,99.77748108,99.76599121,99.77532196,99.80123901,99.83950043,99.88587189,99.93397522,99.97164154,99.99250793,99.99912262,100,100,100,100,100
Solomon Islands,SLB,"Access to electricity, urban (% of urban population)",,,,,,,,,,55.1,58.79407501,59.4112854,60.03176117,60.6627655,61.31156158,61.98349762,61.2,68.6,64.10727692,71.37,65.57073212,66.30403137,67.03356934,60.4,68.48191071,67.6,70.61792755,73.71691132,76.68852234
Sierra Leone,SLE,"Access to electricity, urban (% of urban population)",,,,,,,,,,,,,,,29.26696587,35.85185185,32.13347244,33.59371948,33.1,36.54701233,34.34035477,35.75,40.99623871,41.4,43.94639587,45.41763687,46.9,48.7,53.2
El Salvador,SLV,"Access to electricity, urban (% of urban population)",,93.618226,94.38828278,94.6061554,94.81543732,94.981486,95.233394,95.34873199,95.731315,93.057406,96.097903,97.114157,97.2748,96.49703,96.477373,96.455867,97.195509,97.084368,96.485463,96.567595,96.871589,97.229737,97.84601,97.761193,97.788212,98,98.4,99,98.95637512
San Marino,SMR,"Access to electricity, urban (% of urban population)",99.89868927,99.94800568,99.98246765,99.99720001,100,100,100,100,99.99960327,99.99386597,99.97096252,99.92546082,99.8642807,99.81176758,99.7770462,99.76545715,99.77469635,99.80051422,99.83867645,99.88494873,99.9330368,99.97090912,99.99215698,99.99905396,100,100,100,100,100
Somalia,SOM,"Access to electricity, urban (% of urban population)",,,,,,,,,,,,,22.2,28.40891457,30.48323441,32.58069229,38.1155303,36.83383179,38.98103714,41.13635254,43.29553986,45.45436859,47.60942459,49.76065063,51.90880966,54.05466843,56.19899368,58.34254837,60.48598099
Serbia,SRB,"Access to electricity, urban (% of urban population)",,,,,,,,,,,,,99.84574127,99.79131317,99.75467682,99.76456739,99.74850464,99.77240753,99.80866241,99.85301971,99.8663459,99.94535828,99.97856903,99.99512482,99.81656184,99.9,100,100,100
Sub-Saharan Africa (excluding high income),SSA,"Access to electricity, urban (% of urban population)",,,,,,,68.72822987,66.63468804,67.04973419,67.15085877,64.06937674,63.27796578,63.98975946,64.75654808,64.99370091,65.97839959,65.80925578,68.41231359,67.56017816,67.97050215,69.01892499,72.25896552,71.79676395,72.30267617,72.48493251,73.78009778,76.36354495,78.3369295,78.08190462
South Sudan,SSD,"Access to electricity, urban (% of urban population)",,,,,,,,,,,,,,,,,,,,16.6,4,14.83908176,16.83795166,20.69605255,25.78146744,31.12471008,36.52703476,41.74815369,46.84190369
Sub-Saharan Africa,SSF,"Access to electricity, urban (% of urban population)",,,,,,,68.73743577,66.64385977,67.05854776,67.15939208,64.17316166,63.37444783,64.08091224,64.83824231,65.06972204,66.04743,65.87435825,68.46851061,67.61480602,68.02081002,69.06442996,72.29578495,71.83210563,72.33494536,72.51479952,73.80606558,76.38400313,78.35312056,78.09704616
Small states,SST,"Access to electricity, urban (% of urban population)",,,,,,,,,,,83.7052779,83.29230176,83.8671311,84.09295923,84.53265947,85.33399473,84.3009958,85.00207686,85.58102992,86.18076421,86.82982039,87.87407858,88.07496829,87.91645578,88.5977617,89.35533945,89.8712977,90.80908418,91.10743925
Sao Tome and Principe,STP,"Access to electricity, urban (% of urban population)",,,,,,,,,,,64.09318,64.4094162,64.89460754,65.39033508,65.903862,66.44052124,66.99799347,67.57205963,68.15846252,69.8,69.35136414,69.94939423,65.3,71.13407898,75.8,73.05976105,74.81641388,76.39186096,76.7
Suriname,SUR,"Access to electricity, urban (% of urban population)",,,,,,,,,,99.62406,97.74876404,97.69754791,97.64958954,97.61215973,97.5925293,97.59603119,95.63264287,97.66126251,97.71451569,97.77587891,97.197733,97.90598297,98.02908325,98.07854462,98.12425232,98.42778778,98.79040527,98.97181702,99
Slovak Republic,SVK,"Access to electricity, urban (% of urban population)",99.89868927,99.94800568,99.98246765,99.99720001,100,100,100,100,99.99960327,99.99386597,99.97096252,99.92546082,99.8642807,99.81176758,99.7770462,99.76545715,99.77469635,99.80051422,99.83867645,99.88494873,99.9330368,99.97090912,99.99215698,99.99905396,100,100,100,100,100
Slovenia,SVN,"Access to electricity, urban (% of urban population)",99.89868927,99.94800568,99.98246765,99.99720001,100,100,100,100,99.99960327,99.99386597,99.97096252,99.92546082,99.8642807,99.81176758,99.7770462,99.76545715,99.77469635,99.80051422,99.83867645,99.88494873,99.9330368,99.97090912,99.99215698,99.99905396,100,100,100,100,100
Sweden,SWE,"Access to electricity, urban (% of urban population)",99.89868927,99.94800568,99.98246765,99.99720001,100,100,100,100,99.99960327,99.99386597,99.97096252,99.92546082,99.8642807,99.81176758,99.7770462,99.76545715,99.77469635,99.80051422,99.83867645,99.88494873,99.9330368,99.97090912,99.99215698,99.99905396,100,100,100,100,100
Eswatini,SWZ,"Access to electricity, urban (% of urban population)",,,,,,,,,,,,59.24079132,60.30691147,61.38356018,62.47800446,63.59558487,63.4,65.88896942,67.0562973,68.23173523,65.41666667,70.96144104,74.78886414,78.33035278,84,85.66365051,89.51829529,93.19173431,96.73780823
Sint Maarten (Dutch part),SXM,"Access to electricity, urban (% of urban population)",98.8119812,98.90909576,99.00549316,99.09759521,99.18109894,99.25171661,99.30513763,99.33706665,99.34514618,99.33469391,99.31298828,99.28728485,99.2648468,99.25293732,99.25881958,99.2878418,99.33768463,99.40410614,99.48287201,99.56975555,99.75984955,99.93052673,99.96828461,99.97772217,99.9699173,99.99501801,100,100,100
Seychelles,SYC,"Access to electricity, urban (% of urban population)",,,,,100,100,100,100,100,100,100,100,99.99633026,99.97720337,99.93426514,99.87019348,99.81996155,99.78630066,99.76499176,99.75179291,100,100,99.99694061,99.98701477,99.97258759,99.95227051,99.9029007,99.85494995,99.5944519
Syrian Arab Republic,SYR,"Access to electricity, urban (% of urban population)",,,,,,,,,,,,,99.5,99.37813568,99.48672485,99.61845398,99.75750793,99.89645386,99.97071838,99.9962616,100,100,100,100,100,100,100,100,100
Turks and Caicos Islands,TCA,"Access to electricity, urban (% of urban population)",99.31136322,99.38908386,99.46608734,99.53878784,99.60290527,99.6541214,99.6881485,99.70068359,99.68936157,99.65952301,99.61841583,99.57331848,99.53148651,99.50018311,99.48667145,99.49629974,99.52674103,99.57376862,99.63314819,99.70063019,99.77198792,99.93052673,99.96828461,99.97772217,99.98779297,99.99835205,100,100,100
Chad,TCD,"Access to electricity, urban (% of urban population)",,,,,,,,9.4,9.054512978,10.28089523,11.49601746,12.70714378,13.92153549,15.14645672,16.4,17.65502357,18.94169617,20.24494934,21.56054878,22.88425827,18.3,25.53906059,26.86251259,28.18213081,30.12778091,32.4,36.19717026,39.0802002,41.83586121
East Asia & Pacific (IDA & IBRD countries),TEA,"Access to electricity, urban (% of urban population)",,,,,,,,,,,98.49713987,98.28542311,98.09865828,98.53742427,98.33042122,98.46476185,98.6407069,98.91721267,99.02198001,99.17657484,99.30368623,99.38540645,99.40075579,99.46100939,99.49432908,99.60323754,99.67309022,99.6864176,99.73998997
Europe & Central Asia (IDA & IBRD countries),TEC,"Access to electricity, urban (% of urban population)",,,,,,,,,,99.92646991,99.89250476,99.82877994,99.76710852,99.70381413,99.66284066,99.68756299,99.65629352,99.69545941,99.70857553,99.74916255,99.8190927,99.88676421,99.91488763,99.87436735,99.8775761,98.22483011,99.87154127,99.89132669,99.89466269
Togo,TGO,"Access to electricity, urban (% of urban population)",,,,,,,,,41.2,42.68698502,38.50896861,47.66599274,50.15676498,52.6580658,55.17715836,57.71939087,64.9,62.86207581,65.45405579,68.05414581,66.50394292,77.9,76.64955902,79.07037354,83.2,84.16233063,86.8963089,88.8,91.87447357
Thailand,THA,"Access to electricity, urban (% of urban population)",,,,,,,,,,,99.9,99.48233795,99.43125153,99.39068604,99.36791992,99.36828613,99.62600985,99.42724609,99.47736359,99.01,100,99.85915375,99.44981977,99.80185699,99.82260132,99.7,99.91749573,99.9,100
Tajikistan,TJK,"Access to electricity, urban (% of urban population)",,,,,,,,,,99.91789246,99.69512195,99.72703552,99.62324524,99.9,99.45451355,99.7,99.37067413,99.35575104,99.35316467,99.35869598,99.3680954,99.37713623,99.8,99.38384247,99.38221741,98.5,99.37281799,99.2,99.2
Turkmenistan,TKM,"Access to electricity, urban (% of urban population)",,,,,,,,,,,99.7,99.51380157,99.50111389,99.4989624,99.51459503,99.55337524,99.86910995,99.68914032,99.77766418,99.8742981,100,99.98583984,99.99842834,100,100,100,100,100,100
Latin America & the Caribbean (IDA & IBRD countries),TLA,"Access to electricity, urban (% of urban population)",,,97.48709003,97.87365587,96.21799454,97.87107129,98.05951341,98.15218543,98.23901625,98.38685974,98.79485142,97.98339302,98.19287064,98.06925621,98.33260201,98.37460173,98.62521324,98.68558373,98.9316999,98.91785571,99.26568654,99.31191229,99.32827156,99.38921715,99.36387272,99.34082484,99.4461555,99.54721825,99.60766766
Timor-Leste,TLS,"Access to electricity, urban (% of urban population)",,,,,,,,,,,,71.65705109,73.18582916,73.6,76.28224182,77.86248779,79.46354675,82.3,82.71118164,84.34928131,83.4,87.63285828,89.27069855,90.9616394,93.09953308,95.49525452,98.4,99.20597076,100
Middle East & North Africa (IDA & IBRD countries),TMN,"Access to electricity, urban (% of urban population)",,,,,,,,,,,99.03679182,98.12176651,98.26439796,98.42372257,98.50062704,98.5340291,99.31782444,98.8148156,99.16782636,99.12274538,99.56781599,99.62209611,99.43799753,99.65447733,99.23199031,99.55478692,99.76757292,99.80045217,99.21716829
Tonga,TON,"Access to electricity, urban (% of urban population)",,,,,96.13322449,96.26638794,96.38235474,96.47684479,96.54747009,96.59957123,96.64041901,96.67726135,96.71737671,96.76802063,96.83644867,96.92802429,97.71,97.16939545,97.31071472,97.46014404,97.6134491,97.32290926,97.7,98.06089783,98.20317078,98.34314728,98.63,98.78591919,98.87104797
South Asia (IDA & IBRD),TSA,"Access to electricity, urban (% of urban population)",,,,81.58666124,85.22142716,85.31204225,85.77922115,86.86925406,87.59625176,90.24124079,88.88335323,87.56927246,89.40434267,89.84457827,89.96507313,90.653958,91.91685764,91.58104046,92.3836211,95.14420515,93.93418204,93.20835911,95.8436883,95.49984311,96.36351449,97.3144936,98.11578571,99.24234282,99.46393118
Sub-Saharan Africa (IDA & IBRD countries),TSS,"Access to electricity, urban (% of urban population)",,,,,,,68.73743577,66.64385977,67.05854776,67.15939208,64.17316166,63.37444783,64.08091224,64.83824231,65.06972204,66.04743,65.87435825,68.46851061,67.61480602,68.02081002,69.06442996,72.29578495,71.83210563,72.33494536,72.51479952,73.80606558,76.38400313,78.35312056,78.09704616
Trinidad and Tobago,TTO,"Access to electricity, urban (% of urban population)",,,,,,,,,,,100,99.96273041,99.91444397,99.85269928,99.81043243,99.79130554,99.79299927,99.8112793,99.84190369,100,99.92285919,99.96040344,99.98657227,99.99784088,100,100,100,100,100
Tunisia,TUN,"Access to electricity, urban (% of urban population)",,,,,99.76972961,99.81211853,99.83732605,99.84104156,99.82089996,99.78223419,99.73231506,99.6783905,99.62773895,99.58760834,99.5652771,99.67,99.58770752,100,99.6764679,99.73513031,99.93,99.79173342,99.93619537,99.96060181,99.98809052,99.9,100,100,99.9
Turkey,TUR,"Access to electricity, urban (% of urban population)",,,,,,,,,,,,,,,,,,,,,100,99.98329163,99.99665833,100,100,100,100,100,100
Tuvalu,TUV,"Access to electricity, urban (% of urban population)",,,,,,,,,,,,,95.4,96.32008362,96.55725098,96.81755066,97.09867859,98.6,97.70644379,98.0246048,98.34664154,98.66831207,98.81656805,99.30029297,99.61129761,99.82910156,99.95571136,99.99500275,100
Tanzania,TZA,"Access to electricity, urban (% of urban population)",,,23.9,24.2071991,25.58889008,26.95768929,35.5,29.63941765,30.9456768,27.3,33.50989151,34.78237534,36.05812073,36.5,38.9,39.97567749,41.32370377,42.68831253,40.1,43.5,46.2,42.9,46.4,50.3,53.6,58.46806335,65.3,65.19852448,68.34577942
Uganda,UGA,"Access to electricity, urban (% of urban population)",,33.6,35.02431488,35.88505173,36.73719025,40.2,38.39849472,39.19906235,39.97576904,40.73395538,41.48088074,43.9,39.3,43.72673416,44.50125122,49,41.8,46.95243835,47.79984283,45,48,55.4,52.22513962,52.91676712,51.4,51.9,57.5,56.37870407,57.5
Ukraine,UKR,"Access to electricity, urban (% of urban population)",,,,,,,,,,,,,,,,99.94476664,99.7654953,99.9,99.82849121,99.87426758,99.92262268,99.96307373,99.91589571,99.99832153,100,100,100,100,100
Upper middle income,UMC,"Access to electricity, urban (% of urban population)",,,,,,,,,,,98.9496127,98.58292895,98.69796841,98.88854816,98.79011487,98.89592761,99.04129717,99.17813575,99.25896619,99.37107192,99.5816258,99.61698979,99.57244075,99.62834073,99.63493297,99.36210626,99.67491848,99.71836744,99.73304482
Uruguay,URY,"Access to electricity, urban (% of urban population)",,,98.379169,98.93338013,99.01781464,99.097572,99.315544,99.310103,99.337214,99.17603302,99.33749,99.13047791,99.10896301,99.09797668,99.10478973,99.13473511,99.328071,99.391608,99.472839,99.42034912,99.51202393,99.43,99.8028717,99.752604,99.778072,99.806205,99.8,99.99584961,100
United States,USA,"Access to electricity, urban (% of urban population)",99.90289307,99.95075989,99.9836731,99.99743652,100,100,100,100,99.99958801,99.99377441,99.97065735,99.92480469,99.86319733,99.8102417,99.77507782,99.76305389,99.77185059,99.79722595,99.83494568,99.88078308,99.92877197,99.96760559,99.99061584,99.99874115,100,100,100,100,100
Uzbekistan,UZB,"Access to electricity, urban (% of urban population)",,,,,,,100,99.7347641,99.78244781,99.81161499,99.82952118,99.84342957,99.9,99.88831329,99.93854523,99.97647095,99.7918293,100,100,100,100,100,100,100,100,100,100,100,100
St. Vincent and the Grenadines,VCT,"Access to electricity, urban (% of urban population)",,81.13241577,81.7978363,82.45896149,83.11149597,83.75113678,84.37358093,84.97454071,85.55164337,86.11022186,86.65753937,86.67,87.74744415,88.30456543,88.87947083,89.47751617,90.09638214,91.23,91.37963104,92.03553772,92.6953125,93.3547287,94.01037598,94.66218567,95.31093597,95.9573822,96.60229492,97.2464447,97.89046478
"Venezuela, RB",VEN,"Access to electricity, urban (% of urban population)",,,99.940829,99.49456024,99.58828735,99.7,99.7327652,99.7,99.3,99.5,99.9,100,99.8,99.75211334,99.76821899,99.80745697,99.86752319,99.93391418,99.97776031,99.99650574,100,100,100,100,100,100,100,100,100
British Virgin Islands,VGB,"Access to electricity, urban (% of urban population)",92.81064606,93.12604523,93.4407196,93.75109863,94.05288696,94.34178162,94.61347961,94.86369324,95.09004974,95.29788208,95.49445343,95.68702698,95.88286591,96.0892334,96.31340027,96.56069946,96.82881927,97.11352539,97.41057587,97.71573639,99.20287323,99.59832764,99.80356598,99.7228775,99.63843536,99.81181335,99.93563843,99.98823547,100
Virgin Islands (U.S.),VIR,"Access to electricity, urban (% of urban population)",99.89868927,99.94800568,99.98246765,99.99720001,100,100,100,100,99.99960327,99.99386597,99.97096252,99.92546082,99.8642807,99.81176758,99.7770462,99.76545715,99.77469635,99.80051422,99.83867645,99.88494873,99.9330368,99.97090912,99.99215698,99.99905396,100,100,100,100,100
Vietnam,VNM,"Access to electricity, urban (% of urban population)",,,,,,,,98.6,98.94204712,98.96710205,98.98090363,98.9907074,99.4,99.02737427,99.06876373,99.6,99.1,99.32057953,99.4348526,99.6,99.6835022,100,99.93053436,99.97096252,99.9,100,100,100,100
Vanuatu,VUT,"Access to electricity, urban (% of urban population)",,,,,73.75106812,74.48665619,75.20504761,75.90195465,76.57499695,77.22952271,77.87278748,78.51205444,79.15458679,79.80764771,80.47850037,81.17249298,82.78,84.60291734,83.36244202,82.34533862,82.3,85.62537384,86.37696838,86.2,87.96734619,89.47292328,91.4,92.4210434,93.67712402
World,WLD,"Access to electricity, urban (% of urban population)",,,,93.99598557,94.40124873,94.66770795,94.48090681,94.55032454,94.36255217,94.78106491,95.16950597,94.57619027,94.80624037,94.95040135,94.89112902,95.07240623,95.30253952,95.48315969,95.58160303,95.71449981,95.79018042,95.9633309,96.26374515,96.24764646,96.3250483,96.46164419,96.95739431,97.30079605,97.25825193
Samoa,WSM,"Access to electricity, urban (% of urban population)",,97.01043701,97.16763306,97.32052612,97.46482849,97.59623718,97.71045685,97.80318451,97.87205505,97.92240143,97.96149445,97.99658203,98.03494263,98.08382416,98.15050507,98.24032593,98.57225545,98.47817993,98.2,99.7,98.9169693,98.68250139,99.21557617,99.35915375,99.4,99.63789368,99.81060791,99.95307922,100
Kosovo,XKX,"Access to electricity, urban (% of urban population)",,,,,,,,,,,,,,,,,,,,,99.95101166,99.98324585,99.99729919,100,100,100,100,100,100
"Yemen, Rep.",YEM,"Access to electricity, urban (% of urban population)",,,91.2,89.61949158,89.99402618,90.35566711,90.70011139,89.8,91.3221817,91.60276031,91.87208557,92.1374054,92.40599823,92.685112,91.59,91.05,94.96466431,94.00040436,94.37020111,94.74810791,100,99.88391876,99.25909424,98.5,95.92,97.00197601,97.36888885,97.73503876,85
South Africa,ZAF,"Access to electricity, urban (% of urban population)",,,,,,,84.96154022,85.27060699,84.2,85.82250977,86.07794189,86.32937622,86.58407593,87.7,87.13232422,87.43848419,87.76546478,88.10903168,88.4649353,88.8289566,91.97966003,91.4,90.13669586,90.28805542,90.64492035,90.99947357,91.35250092,91.70476532,92.0568924
Zambia,ZMB,"Access to electricity, urban (% of urban population)",34.7,35.02808762,39.2,37.54595947,38.79414749,40.02944565,44.1,42.44417191,48,44.77116776,44.1,47.05312729,45.1,48,47.6,51.71242523,52.92694855,47.8,55.40151215,56.65307617,49.8,59.16358566,60.4148941,61.66236877,61.5,67.7,70.57538605,75.2,77.2454834
Zimbabwe,ZWE,"Access to electricity, urban (% of urban population)",,,85.57103729,85.60405731,80.4,85.64002991,85.63437653,85.60723114,85.55622864,87.4,85.40592194,85.3211441,85.23962402,85.16864014,85.115448,85.08539581,91.4,85.08351135,85.10320282,90.86194122,85.16268158,83.2,85.22154236,85.24525452,83.4,81.2,85.30105591,85.31710052,85.33301544